learning_rate,val_acc
0.001,"{'val_acc_ner': 0.884231972640617, 'val_f1_ner': 0.8841690433538489, 'val_acc_sa': 0.7167730702263494, 'val_f1_sa': 0.7195500044505971}"
