learning_rate,val_acc
0.0003,"{'val_acc_ner': 0.9001309757694826, 'val_f1_ner': 0.9011810706687219, 'val_acc_sa': 0.7243180499129426, 'val_f1_sa': 0.7284319416855464}"
