learning_rate,val_acc
0.2,"{'val_acc_ner': 0.8312231681583352, 'val_f1_ner': 0.7599779526748041, 'val_acc_sa': 0.616366802089379, 'val_f1_sa': 0.5091401650963316}"
